[{
  "_id": 1,
  "superCategory": "person",
  "name": "person"
},
{
  "_id": 2,
  "superCategory": "vehicle",
  "name": "bicycle"
},
{
  "_id": 3,
  "superCategory": "vehicle",
  "name": "car"
},
{
  "_id": 4,
  "superCategory": "vehicle",
  "name": "motorcycle"
},
{
  "_id": 5,
  "superCategory": "vehicle",
  "name": "airplane"
},
{
  "_id": 6,
  "superCategory": "vehicle",
  "name": "bus"
},
{
  "_id": 7,
  "superCategory": "vehicle",
  "name": "train"
},
{
  "_id": 8,
  "superCategory": "vehicle",
  "name": "truck"
},
{
  "_id": 9,
  "superCategory": "vehicle",
  "name": "boat"
},
{
  "_id": 10,
  "superCategory": "outdoor",
  "name": "traffic light"
},
{
  "_id": 11,
  "superCategory": "outdoor",
  "name": "fire hydrant"
},
{
  "_id": 13,
  "superCategory": "outdoor",
  "name": "stop sign"
},
{
  "_id": 14,
  "superCategory": "outdoor",
  "name": "parking meter"
},
{
  "_id": 15,
  "superCategory": "outdoor",
  "name": "bench"
},
{
  "_id": 16,
  "superCategory": "animal",
  "name": "bird"
},
{
  "_id": 17,
  "superCategory": "animal",
  "name": "cat"
},
{
  "_id": 18,
  "superCategory": "animal",
  "name": "dog"
},
{
  "_id": 19,
  "superCategory": "animal",
  "name": "horse"
},
{
  "_id": 20,
  "superCategory": "animal",
  "name": "sheep"
},
{
  "_id": 21,
  "superCategory": "animal",
  "name": "cow"
},
{
  "_id": 22,
  "superCategory": "animal",
  "name": "elephant"
},
{
  "_id": 23,
  "superCategory": "animal",
  "name": "bear"
},
{
  "_id": 24,
  "superCategory": "animal",
  "name": "zebra"
},
{
  "_id": 25,
  "superCategory": "animal",
  "name": "giraffe"
},
{
  "_id": 27,
  "superCategory": "accessory",
  "name": "backpack"
},
{
  "_id": 28,
  "superCategory": "accessory",
  "name": "umbrella"
},
{
  "_id": 31,
  "superCategory": "accessory",
  "name": "handbag"
},
{
  "_id": 32,
  "superCategory": "accessory",
  "name": "tie"
},
{
  "_id": 33,
  "superCategory": "accessory",
  "name": "suitcase"
},
{
  "_id": 34,
  "superCategory": "sports",
  "name": "frisbee"
},
{
  "_id": 35,
  "superCategory": "sports",
  "name": "skis"
},
{
  "_id": 36,
  "superCategory": "sports",
  "name": "snowboard"
},
{
  "_id": 37,
  "superCategory": "sports",
  "name": "sports ball"
},
{
  "_id": 38,
  "superCategory": "sports",
  "name": "kite"
},
{
  "_id": 39,
  "superCategory": "sports",
  "name": "baseball bat"
},
{
  "_id": 40,
  "superCategory": "sports",
  "name": "baseball glove"
},
{
  "_id": 41,
  "superCategory": "sports",
  "name": "skateboard"
},
{
  "_id": 42,
  "superCategory": "sports",
  "name": "surfboard"
},
{
  "_id": 43,
  "superCategory": "sports",
  "name": "tennis racket"
},
{
  "_id": 44,
  "superCategory": "kitchen",
  "name": "bottle"
},
{
  "_id": 46,
  "superCategory": "kitchen",
  "name": "wine glass"
},
{
  "_id": 47,
  "superCategory": "kitchen",
  "name": "cup"
},
{
  "_id": 48,
  "superCategory": "kitchen",
  "name": "fork"
},
{
  "_id": 49,
  "superCategory": "kitchen",
  "name": "knife"
},
{
  "_id": 50,
  "superCategory": "kitchen",
  "name": "spoon"
},
{
  "_id": 51,
  "superCategory": "kitchen",
  "name": "bowl"
},
{
  "_id": 52,
  "superCategory": "food",
  "name": "banana"
},
{
  "_id": 53,
  "superCategory": "food",
  "name": "apple"
},
{
  "_id": 54,
  "superCategory": "food",
  "name": "sandwich"
},
{
  "_id": 55,
  "superCategory": "food",
  "name": "orange"
},
{
  "_id": 56,
  "superCategory": "food",
  "name": "broccoli"
},
{
  "_id": 57,
  "superCategory": "food",
  "name": "carrot"
},
{
  "_id": 58,
  "superCategory": "food",
  "name": "hot dog"
},
{
  "_id": 59,
  "superCategory": "food",
  "name": "pizza"
},
{
  "_id": 60,
  "superCategory": "food",
  "name": "donut"
},
{
  "_id": 61,
  "superCategory": "food",
  "name": "cake"
},
{
  "_id": 62,
  "superCategory": "furniture",
  "name": "chair"
},
{
  "_id": 63,
  "superCategory": "furniture",
  "name": "couch"
},
{
  "_id": 64,
  "superCategory": "furniture",
  "name": "potted plant"
},
{
  "_id": 65,
  "superCategory": "furniture",
  "name": "bed"
},
{
  "_id": 67,
  "superCategory": "furniture",
  "name": "dining table"
},
{
  "_id": 70,
  "superCategory": "furniture",
  "name": "toilet"
},
{
  "_id": 72,
  "superCategory": "electronic",
  "name": "tv"
},
{
  "_id": 73,
  "superCategory": "electronic",
  "name": "laptop"
},
{
  "_id": 74,
  "superCategory": "electronic",
  "name": "mouse"
},
{
  "_id": 75,
  "superCategory": "electronic",
  "name": "remote"
},
{
  "_id": 76,
  "superCategory": "electronic",
  "name": "keyboard"
},
{
  "_id": 77,
  "superCategory": "electronic",
  "name": "cell phone"
},
{
  "_id": 78,
  "superCategory": "appliance",
  "name": "microwave"
},
{
  "_id": 79,
  "superCategory": "appliance",
  "name": "oven"
},
{
  "_id": 80,
  "superCategory": "appliance",
  "name": "toaster"
},
{
  "_id": 81,
  "superCategory": "appliance",
  "name": "sink"
},
{
  "_id": 82,
  "superCategory": "appliance",
  "name": "refrigerator"
},
{
  "_id": 84,
  "superCategory": "indoor",
  "name": "book"
},
{
  "_id": 85,
  "superCategory": "indoor",
  "name": "clock"
},
{
  "_id": 86,
  "superCategory": "indoor",
  "name": "vase"
},
{
  "_id": 87,
  "superCategory": "indoor",
  "name": "scissors"
},
{
  "_id": 88,
  "superCategory": "indoor",
  "name": "teddy bear"
},
{
  "_id": 89,
  "superCategory": "indoor",
  "name": "hair drier"
},
{
  "_id": 90,
  "superCategory": "indoor",
  "name": "toothbrush"
}]